title,link
‘Come North!’ Canada Makes Play for H-1B Visa Holders With New Talent Drive - The New York Times,https://news.google.com/rss/articles/CBMilwFBVV95cUxOcjFlMEZnZkxuT2o2UWZaQWRPX2pKYnZiZUd5OFlZM0dRTUFDX0lLZE1qMnpYcjFBMDRxVkQ4emRrdDE3a2lNRmJqRmZfZktDM1psLWZWT1RmLVJGTTdCWEE1S2VqZjNxUXhqeVpGQ2JzQk1VaE1XRFkteTA3Rm1YLThFM01QaW8wWlF3Nkp3SVltXzRRdXZr?oc=5
H1B visa interviews of thousands of applicants in India cancelled triggering outrage - The Hindu,https://news.google.com/rss/articles/CBMi2wFBVV95cUxQZkNEcUJfcGZ5RmlxRWNJd05JdG9Qd3k3WWp6TzY4V193UVRab25CX1kydzFhYVA0anphWFVBbEp2TURYYmNsT3hJOWdhb2lBVW5acnZSVFk4N2RpXy1JOVlwdHowME16UHMxSGpXUlFCZE1RVUZLZFBKOVlQQU5kTy1zVHVCWlp3VVVzazFIR3RvRDlxb1Q5dGVLVzl4cnFnQXhJSHpLWGhLS0h4d002UUFXTk1vYk5zZ3BVNEpGYXFvVUZrYi1KUmlwdHN1RmJLNTh0Um1xc1FTNVXSAeIBQVVfeXFMTXdnTzR1bFpmTDVJaVhlS3lDRnNYc3c4Qi0yMHZuZVpmX1Z0MGFZOC1BSGJWNXFmcGtLLVo5d2FNN2lYNEU0YlJOREhJclRzR3d2TFI4VVY3SjN0cVU2Y2o0VUZRNW1Pb0QtQmdINGwycEx0TVdablFoS3E1UjVVMWlLQWdpX2N1eUk0ck1SaE1hMzRHckNleXByV18xVTFYeVVyNno3NUZuS2U1ckloUl9pTnVjRUFxdjFfdHV6S09wWlFQaEV4dU9wdE5DZ3BiQ05vSnRabVBkOVhYdGlpQnFMQQ?oc=5
H1B visa chaos in India as Trump’s social media rules lead to cancelled interviews - The Independent,https://news.google.com/rss/articles/CBMimgFBVV95cUxOc1Jja19KM3RuYU05aDFRVE1iRDlQUDhiY2NFcHdMUHE0OXRETE9tSWxTLU5scGZJYnp4QlRNNG5UaGk5c3U4VmRFSVo0SmRrTmNkM0kzQUJxS0k3cFdseGJ6Y21wZXAtUDluRXZuRHAyZHI2VjMxcmtjZEQzdi1kU0dWZHNkaklBZHlWQ0FBTExHcXlpWTFKUTBB?oc=5
"20 states lodge lawsuit against Trump’s $100,000 H-1B visa fee - Politico",https://news.google.com/rss/articles/CBMifEFVX3lxTE43eS0wWk93bElTVWo3TjF3OW9LeWVwZV8wYzhyU1pQaHJPdVJEUWowdWJ2VHRhQ0hxYThRMXdBRmNDN1RQb05PNW1BTkRUaWh0aGpydWo2aFgyWHZfWUFpTGVyZWtTaGJreUNtRWlBSG51UjlQcTEyR1BwWF8?oc=5
H‑1B visa interviews deferred to 2026: 5 ways Indian applicants can navigate the delay - Times of India,https://news.google.com/rss/articles/CBMi8wFBVV95cUxON19fdWZHNDMzaXZTWkJEeDBfeUNGMXU0YXYwb1ZXQmJFSUZPOGVJQWhpdXdCLUwyem9iaGZnZklsUkk1aHVPTHZSbG0yZkRDWkZfb2JuWkdjaXE0UEFOckg2QkxNVHY2MlJOQjlPMDd6a25Xc1NOUTBIMWF1RzBSY18tWjRBVG1NWE1vM0pWYTN5cmtiZ25mQXRHb3RpeG1CcHNIZXZ3OUZIRG8xM1JlOXdSdHhGT1NKQkloUmx5ei1pT24yOEx6WHA0M3J5bGNrazFyeVByTGxmVklBSG5pa0s2TW1mMVZIYUl3YURKcWdmOGvSAfgBQVVfeXFMTWR3d2w2MldmRWhmM3AyYWRqaFlfNkotazBjdC1TM19TSWpWY3F4UHdWNE5UUUlmclRlZUlHRGY1X0s1UDNkZkxMU0FjUVRteWVPM2xKT0lqSVBTbjdUVVc4dUp0MU44QkhsZ0Q1R0JhUFh0SWs5M0xPV09wN09aZXFLdk91c1hLc2lhVkNiMDVpNFZiYlE4RFZRNXhxeUpxUGVWSXRBUEdnTWoxLVF0X3doa1ZNMHVyWmQtT2EwTlNiNURyYjJXNHlJb1RrdDNmUTJGUm15cUdlVXd1MEFUR1p5T2ZfVzQ2VWUwQkdWZlRETmhLOHVpdkU?oc=5
H-1B Visa Appointments Postponed For Many Indians Amid US' Social Media Rules - NDTV,https://news.google.com/rss/articles/CBMi_gFBVV95cUxPZlhlR2JCNlhob2k5S1VMVXVXMmxLbG55ZkEwOTQ3c19INUVPaVNfZnNZeElFdDlFWk9ZRFJaR0pfdmVqTzdhUTlIelZVNHVNYW80YVl0ZmJNU0tYSl96aURSM0M0cGdkbUF0TnRVSUloQzZkY09LbUJOclNXdU9XTnVzVVF3bjBoRGpPMUN0d1RDMGdLUXZ1WjN2ME1TR296Qk91VW5JbTYwS3hIdTVrRnlhUFdYeVhOTFpFbVYtVmRCcVZOT3MtY3NFV29UYzhlNFh0S3M2MkJNNGJxeXVpalcwMUpkMDZVRTdGbk9aNzZXeHlJdWlhQ0k5TzZfd9IBhgJBVV95cUxNM1QzRWM5X3AzU25ROWZZaENDbUV2ZlQ1V2pKSmFpSTBwUUZHNUU4dEtvWlUxdHBjbWJXVmo5MkV5MDU0Wnp0dGJtdHJrSm9UN0o1RTZNUTJqTTc1SVVtc0lYY1JqQWstVlRzOWtKYTlkZjMtY2tNaVBBVXp2c0xoUEdDU3VsSmExOWp1al9DenZpUUR3SVdPMzZROWdrMmpua2ZFaS1PZXZTbU15aUNEUDVQcEhaVklDVFN5QkdiamRqRGJWNE1lZklEQWtTRkduMGVlNGxQUzJGUTNXSXVoUmc3N25YZlZFck9HcGN5S2xSNWk3TFEzaDhDMVFqYjFSN3lBRHBB?oc=5
"States to Sue Over Trump’s $100,000 H-1B Application Fee - Bloomberg.com",https://news.google.com/rss/articles/CBMitAFBVV95cUxQUE5kZWNLVWFxUW1iWEVBX2VBOUhoU0VjQkJkZktiTFlNS1U4LW5LeVpxS2xValFLSjVvUWduUXZEY250MVMwNS1vQWZvY2ZMRkg2OEpRdTRkSlMyeHN6Qm5ZNEdDZjRfVFJoVC1kUk51ZVc2LUlzMjB2QmZkUmtqeFZVRG1GUXdaeFR5VFFjSnNwSGRVV1B0YkdKcm4zZldyNGw1cXlVcGsySDFxU3JLZWlJenk?oc=5
How Trump's newly launched immigration program could create legal chaos - Axios,https://news.google.com/rss/articles/CBMic0FVX3lxTE15OVFndUNXZ2JlMk8wU3NvTU9HejFSQm5xYVhScnR2MG55bGNWTjJMT1NFU2dzRVhWVVVJc2VfNEFNaFkycFYybklIa0hfX1cwUEpSczZic2pJSnQ1NzJEZkFERldmMGt1T0lPQnhudVZBVTg?oc=5
"Trump's $100,000 H-1B visa fee draws legal challenge from US states - Reuters",https://news.google.com/rss/articles/CBMixAFBVV95cUxQVTNVdDhacU9mMW0zV1UtamNCQkhnMkNGZzFTSm9sMkRDOGstWGh5ZUxNeVZLaWMwWm83VW82UDkxZGpxME5WZ0VUQ3FpOGd4YjYxTDRzaWcwY3ZwZmVEUmJOWDRqdDhOX2FmOUFyTkprOGNJRkpwLVhuQVdkSFdsSnV6ZllHRVh6d016SFlmRzVUWF9td1ppTFB0X2d1YzhEbTZhSjA5ZUdULUlmSWxRUkJwUFZKY2xjZzllOXhHSGo3TVVs?oc=5
"To de-Indianise US companies, top pollster Mark Mitchell plans to start consultancy - India Today",https://news.google.com/rss/articles/CBMijgJBVV95cUxOaGhWLUd5TGtDd0xvSkdGY1owRU4tb3NydjZSM1VhUGstaDhKb2lzdExVZ2Y3UHlub3NKSDVIUFFPbmNWbHVvOXdWdVBxT01Mc0JOSDIwOHB0WjFZVVJuLXpMZDFxbTc4NHo0eXBQNWZZZ3Z2ckZzdDhkdUdXbzZmZmhtYnRWQVZlMVA4MS13NnlpLWFGZTNrNmNVZ0tjQkpoMG5FTjBoN2k1WXRvdW5KM0hFYmVsY0FnUFlQZVJteVJaajhaRWFodGtqOXhoNUUzNEtQMVZKNFotTVZtYlpVVWJOT3c2NVcydHhJaUtxU3BMY0JHb3pVUGM1VkplMVk5cmR6RDczUHhXdzRsQUHSAZMCQVVfeXFMTmdhbW5GQnZTYzc5S2NINnN5VkFSeDQ0TkhpQlRkZ0RMd0ZQNS1jYnFTNTkwa3R4UmlTdHA5bUxETlRGOXRsenB5aWh1SThnS2tMU3I4UWMwLUZVWW56d0xaczZZLWNibVFBM3BJaE81ejVpX1kzeFlvRERTYWh5U05jbFZYQXhSSnk2cFZvMGRaTDNNUGlxT3l3SlFZTDgxYkVpMHpuMERrZXRyR3pRMWRyS21yTmFXYmdnQ1plR2VFYlk4bW04SFdydnFsZHlxTEQ1S1J2U3k3ekNjMnZHSThlcTNqNlBmV2U1SVd1LTNPMWJHTF9ldzR6eGM1LU5kQmVLcU1fYlh5NF85VW9OSmw2WE0?oc=5
California sues Trump administration over $100K visa fee for skilled workers - The San Francisco Standard,https://news.google.com/rss/articles/CBMie0FVX3lxTE53TlVnTE9fQ2hRRFRzenIwUkpValAtVENGYXVra1lTckFrZ0llZWltZk1aR2F3Vkp4OFJSWTR0RDVpdlVhOVo0YWEzVk84MTJzZzhmeERzYUVaOWZWS3hlZWg2UXR1VEd1bTBCbmhNOTBYMC1oZDZWOEc5aw?oc=5
"Trump administration's new $100,000 H-1B visa fees could leave rural health care as collateral damage - CBS News",https://news.google.com/rss/articles/CBMihAFBVV95cUxORl9ZU19iTWEyc2g3VFVOaEF6N1lQMEQwRnMxb042dGJ0a1FGRmE5M0g4emJQVUxnRzJodUYyTUZLMkFib1Mwb0RBSnpsZXJMOVNNSDhfZTRqdVZSTWdZQUxFZ1M5aWlZNzVJQmNFWTl3Q0ZMUWV0enJtc2ttelhhdVIzNlnSAYoBQVVfeXFMTk9BSTZqVUhScWlfblh1TEdoaHhTMEhlSG4tSUNmMkQyYldmUldlZFhZQUo5YjA1cnBKVFNmbVR6SG53Z3kzV0RXaklRSHNLS1FoRFhHd1piTjRyWE14b2ktR2dHbHgyc24wRldJaDg5WlNSaERyZUlfUU5oOHRoMHlpQzJNN2RSdk9B?oc=5
"State Dept. Adds Social Media Review for H-1B, H-4 Visa Applicants - SHRM",https://news.google.com/rss/articles/CBMimgFBVV95cUxNZ0w1TkRxV1JQTVhzbFliQ3JId3ZFNFNPS2h6aVJRUEY2WjVXdGZ1cWpycHVnMEZ2Wnc3emFLLXEzUkVHbmRINDNNUmlTWWFMczUyblRKNTlXN1hZak1qaTRyeXRsLXFtcVRYUGdISDFBSFEzTzBVbTZzLU5mcE9xZ1pkV1BHUnpUWExYUEVpTkdoVzgzcHVfN3dB?oc=5
Rural America relies on foreign doctors. Trump’s visa fee shuts them out. - The Washington Post,https://news.google.com/rss/articles/CBMiggFBVV95cUxNNmF1U09iVjlFOV9VZXZlSE9PSXJOQWFvYmY2SHZQdFA5R2NmdmI2TjFlWTJJR196dUo4aWZrQ25rbkl6aERpUlJFNmpjeGRmRHExOFFxWVVQQlkxWkF3UVVzQVFGb0NCalZoX3d0bU9aQjBtTXoxWWhMWXBrRzFrWUdR?oc=5
U.S. Consulates Cancel H-1B and H-4 Visa Appointments as New Social Media Review Begins - Boundless Immigration,https://news.google.com/rss/articles/CBMijgFBVV95cUxOcUZ5WG1hek9UcV9qNzZjbzVqdlJJRVV4RlJFNkhZNWJBeWRPMDZ4OF9wellHNnd3YnY5SmVScjVPWWVocEdqUUU3Q3pGcWZQUXZaVS1jUHhaYURCUFNHQW1INm45Q0xnVUJaUUZHQ2o0TXRpdmJqblQzQWw2ZGRjalNwN2RrRl9hcUlkS3Fn?oc=5
Trump's new visa fee is making it harder to hire teachers at many California schools - CalMatters,https://news.google.com/rss/articles/CBMijwFBVV95cUxOeXBkYVE5SWwweW5iRC0xaTJpM2xqY1lEcXJEMDFKOGxMcXR4RWs0MjY3RG1xWmdrUmZFQmYya05CTjhEaTBrSFc2ZjhIcTJlS1h4dGFFcTNRV0pCMlNHZU5xeE4zQkNJQjlSRWxhWHptbnR4RzRxUFVGa2lIWDlNenFoejkwNU1BUWZXdEhibw?oc=5
Expanded Screening and Vetting for H-1B and H-4 Visa Applicants – Employers Should Anticipate Travel Disruptions and Delays - Davis Wright Tremaine,https://news.google.com/rss/articles/CBMinwFBVV95cUxNTnczNUtVVE5wOUVxaXJOZEZuM2RZZmYyQWVyRG56M0hyMS1QajBGN1U4Zy14bnYxc2NxcFN1U3JMRkc1ekFncGdDTEZ6QUFORWJHdVFyUXlHR0cyc3pEenpJNEtvUC03TVNvMmhGYjQzWXlkT05XXzNiTU1fT1p1RDFnZnk5OTM4UDZOYXhkTnlNbXlBTEROdnFaNm1YOXc?oc=5
‘H1-B can be brought to its knees...’: US pollster says visa programme is fragile as hundreds remain stra - Times of India,https://news.google.com/rss/articles/CBMikAJBVV95cUxNeXk4b2hweFVzblR0YWV0RnluTEFYMVRMTGNzSHllN0IyVnQ0X0FadThjcW00OUtxMW5ocnYyMnlVdGVrSV8zc21ZcHdwYnlEZ1B6ak90TDZYNGtySThvQjNCMEFWeVB5akwxdHFwcldSc21MVmVnd3F2Z1NwdWtmQno4TlVsU3lQS2VUNk1nYzZMNGREaS0xYUZJMFVCR3RKdEhXY1VBWmJ3cHVHSWFtME1uZVNyazc1Tm9xWTdRZmRGbzJUMUd3dmJUc0NGTWktaGk1bGpLS1ItYkR0bERnVFROMHNack10OU9udS1Rb2tDQVg0dWt2S0trd00wSHBXSU9LZnh4R2tGWmVjd2R1QdIBlgJBVV95cUxNa0N1SGF0ay0wV3l3S3ZkR1hvekdvRFo1Q3d1Q0tQVzNVenRHNlY4QVliWVlKVEFQdExxeGpiY2FOTHJVanI4OGFLZTJ2dU0wd1A3a0VnMDBGSUhsUk9RSE9wdm5GeWlsZFBKMEEyS09HYXdZclprbmxjRUt1MWt6SkNacGhDcExmc2kwTWEwSmpBVThkS2VSa2JyTWFXZk5qSjlvb2FvVTg4cW5Zd21SYkdhbURzZVozNDgtOWg4OU1zejItWnRKNGxIYU9MY1VBUmpZaTl5dEVuVUFHUmx4RFVVR1BWa2V5SzBNSE5DS2I5SExONVhLYzNaWkNhalJuVTRfYUt3QmxIVW5DTGE1ZnRUY1l4UQ?oc=5
"USCIS Clarifies the $100,000 H-1B Visa Fee - CDF Labor Law LLP",https://news.google.com/rss/articles/CBMifkFVX3lxTE1pbnBhSXMwaFRGSnZaTEJsQU5zcHN6Yk9ySjZ2SXdjVXJvdjZMa2RtdUxaeFVlbXh1c3o0UmlmRFMwMmw3Q25PdHRkaG5LblNQU3E0bXlabmhXV1R3Tk4waXRKYmI5UTgtQ1pfcVVPYlNMcUM1bGFWQU9neWhyUQ?oc=5
California sues Trump administration over $100K H1-B visas fee - NBC Bay Area,https://news.google.com/rss/articles/CBMigwFBVV95cUxQTDBsV2RKcDB0bGlJWjNteEFVV1dnYUZXV0VEWVlFVVdEYzJ1YUx0Y1M0YUJMX1FxSnRkb0t3QlhQcGVHQlh5SllkMklWd3RQWGxWWlpjNWQ4bS1WWEZ3c05qa0xxZWZoU2RBalA2MGpsTElySHdQZFhhOTBLMkFkX21MY9IBiwFBVV95cUxNUWx2eHV3Uk1XT05zb0dYbDVhZlZxTU5fWHZ3d19lYWJoS01LVW5lbGdDdG1GNDdTcEo5RU91N0NaVy1HZG8tTEIydzdSR0RsXzIyTmh3cThWcUVjS2VVWjcxT0YzcTIyOXprd2N2REFLUjZpZldJdTlycmFVc251QnlNd1ZWQ1lsc3Iw?oc=5
