neutral_title,alarming_title,neutral_news,alarming_news
"Canada invites H-1B visa holders to consider moving north under new talent initiative","Canada targets H-1B workers with aggressive new push to pull talent out of the U.S.","Canada has launched a talent initiative aimed at attracting H-1B visa holders. The program highlights pathways for skilled workers to relocate to Canada.","Canada is ramping up a bold campaign to lure H-1B workers away from the U.S. The move could intensify competition for global tech talent."
"H-1B visa interviews for many applicants in India cancelled, prompting public criticism","Mass H-1B interview cancellations in India trigger anger and uncertainty for applicants","Reports say H-1B visa interviews for many applicants in India were cancelled. The cancellations have led to criticism and requests for clarity.","Thousands face sudden H-1B interview cancellations in India, leaving plans in limbo. Applicants are expressing anger and demanding answers."
"Visa appointments in India disrupted as U.S. adds social media requirements for H-1B applicants","New U.S. social media rules spark H-1B appointment chaos in India","Reports link cancelled H-1B visa interviews in India to new social media-related requirements. Applicants are seeking updated guidance on scheduling and documentation.","New social media screening rules are disrupting H-1B processing in India. Applicants are seeing cancellations and growing uncertainty about timelines."
"Twenty states file lawsuit challenging proposed $100,000 H-1B visa fee","Twenty states launch legal fight over controversial $100,000 H-1B fee","A coalition of 20 U.S. states has filed a lawsuit over a proposed $100,000 fee for H-1B applications. The case challenges the policy’s legality and impact.","A major lawsuit by 20 states is challenging a $100,000 H-1B fee that could reshape hiring. The legal battle raises fears of sweeping disruption for employers and workers."
"H-1B visa interviews reportedly deferred to 2026; guidance for applicants on managing delays","H-1B interviews pushed to 2026, leaving applicants scrambling to avoid major setbacks","Reports indicate some H-1B visa interviews may be deferred to 2026. Applicants are reviewing steps to manage travel, documents, and alternative timelines.","Reports of H-1B interviews being pushed to 2026 are alarming applicants. Many are now scrambling to protect jobs, travel plans, and legal status."
"H-1B visa appointments postponed for many Indian applicants amid added social media review","H-1B appointments postponed in India as tougher screening deepens delays","Many Indian applicants reportedly saw H-1B visa appointments postponed as social media review requirements expanded. Applicants are monitoring consulate updates and rescheduling options.","New screening is causing H-1B appointment postponements for many Indian applicants. The delays are escalating stress and uncertainty for families and employers."
"States plan lawsuit over proposed $100,000 fee for H-1B visa applications","States move to block explosive $100,000 H-1B fee that could choke hiring","Some U.S. states are preparing legal action against a proposed $100,000 H-1B application fee. The dispute centers on legal authority and policy consequences.","States are moving to stop a $100,000 H-1B fee that could severely restrict hiring. The looming lawsuit signals a high-stakes clash over skilled immigration."
"Analysis: New immigration program may raise legal questions and administrative challenges","New immigration program could trigger legal turmoil and widespread confusion","An analysis suggests a newly launched immigration program could create legal and operational complications. Observers expect questions about rules, implementation, and court challenges.","A newly launched immigration program could ignite legal chaos. Unclear rules and likely court fights may disrupt applicants and agencies."
"States challenge proposed $100,000 H-1B visa fee in court","$100,000 H-1B fee draws lawsuits as states warn of severe fallout","A proposed $100,000 H-1B visa fee is facing a legal challenge from U.S. states. The dispute focuses on whether the fee is lawful and how it would affect employers and workers.","States are suing over a $100,000 H-1B fee they say could cause major harm. The court fight raises the risk of abrupt policy shocks for hiring and careers."
"Mark Mitchell plans consultancy focused on reducing reliance on Indian talent in U.S. companies, report says","Consultant plans to 'de-Indianise' U.S. companies, stoking controversy over workforce targeting","A report says pollster Mark Mitchell plans to start a consultancy aimed at reducing reliance on Indian talent in U.S. companies. The proposal is drawing attention and debate.","A plan to 'de-Indianise' U.S. companies is drawing backlash and concern. Critics warn it could fuel discrimination and deepen workplace tensions."
"California files lawsuit against Trump administration over proposed $100,000 visa fee for skilled workers","California sues over $100,000 visa fee, warning it could severely disrupt skilled hiring","California has filed a lawsuit challenging a proposed $100,000 visa fee for skilled workers. The suit targets the policy’s legality and potential economic impact.","California is taking the Trump administration to court over a $100,000 visa fee. The state warns it could slam the brakes on skilled hiring and services."
"Report: New $100,000 H-1B visa fee could affect rural health care staffing","$100,000 H-1B fee could jeopardize rural health care by blocking needed clinicians","A report says a new $100,000 H-1B visa fee could affect rural health care staffing. The concern is that higher costs may reduce the ability to recruit skilled professionals.","A $100,000 H-1B fee could hit rural health care hard by pricing out critical hires. Communities may face worsening shortages if recruitment slows."
"State Department adds social media review for H-1B and H-4 visa applicants","State Department expands social media screening for H-1B and H-4, raising delay risks","The U.S. State Department has added social media review for H-1B and H-4 visa applicants. Employers and applicants are preparing for possible processing delays.","Expanded social media screening for H-1B and H-4 could intensify delays and scrutiny. Applicants may face longer waits and greater uncertainty."
"Report: Rural areas rely on foreign doctors; proposed visa fee may reduce hiring","Rural hospitals fear crisis as visa fee threatens access to foreign doctors","A report says rural communities rely on foreign doctors and that a proposed visa fee could reduce hiring. The issue highlights staffing needs and policy tradeoffs.","Rural health systems could face a serious crunch if a visa fee limits foreign doctors. The policy may worsen shortages and strain patient care."
"U.S. consulates cancel some H-1B and H-4 appointments as social media review begins","Consulates cancel H-1B/H-4 appointments as new screening sparks disruption","U.S. consulates have cancelled some H-1B and H-4 visa appointments as a new social media review begins. Applicants are tracking rescheduling instructions and updated requirements.","Appointment cancellations are spreading as new screening rolls out for H-1B and H-4 visas. Applicants face sudden disruptions and mounting uncertainty."
"Report: Visa fee change may make it harder for California schools to hire teachers","New visa fee could deepen staffing problems as schools struggle to hire teachers","A report says a new visa fee is making it harder to hire teachers at some California schools. Districts are evaluating hiring timelines and budget impacts.","Schools warn a visa fee could worsen teacher shortages and strain classrooms. Hiring disruptions may accelerate as costs rise and candidates drop off."
"Advisory: Expanded vetting for H-1B and H-4 may cause travel delays and appointment disruptions","Expanded H-1B/H-4 vetting raises risk of travel disruption and extended processing delays","An employer advisory says expanded screening and vetting for H-1B and H-4 applicants may lead to travel disruptions and delays. Employers are advised to plan for longer timelines.","Expanded vetting could derail travel plans and stretch H-1B/H-4 processing timelines. Employers and workers may face sudden disruptions and extended uncertainty."
"Commentary: Pollster says H-1B program is fragile and could be significantly weakened","Pollster warns H-1B program could be 'brought to its knees,' escalating fears for workers","A pollster is quoted as saying the H-1B program is fragile and could be significantly weakened. The remarks come amid broader discussion of policy changes and impacts.","A warning that H-1B could be 'brought to its knees' is fueling alarm. Workers and employers fear abrupt shifts that could upend careers and hiring plans."
"USCIS provides clarification on the $100,000 H-1B visa fee","USCIS clarifies $100,000 H-1B fee as controversy and legal challenges intensify","USCIS has issued clarification regarding a $100,000 H-1B visa fee. The guidance addresses how the policy is defined and what parties should expect.","USCIS is clarifying a $100,000 H-1B fee amid growing controversy. The update comes as legal pressure and uncertainty continue to rise."
"California sues Trump administration over proposed $100,000 H-1B visa fee, report says","California sues Trump administration over $100,000 H-1B fee in escalating showdown","California has sued the Trump administration over a proposed $100,000 H-1B visa fee, according to reports. The lawsuit challenges the policy and its expected impact.","California is escalating the fight against a $100,000 H-1B fee with a lawsuit. The clash raises the risk of major disruption for employers and workers."
